model_type,learning_rate,hidden_size,epoch,batch_size,acc,train_time,predict_time
fast_text,0.001,128,60,100,0.8616666666666667,60.137473833,0.08930025000000086
fast_text,0.001,128,20,40,0.8733333333333333,24.84424925,0.08863529099999923
cnn,0.001,128,20,40,0.8583333333333333,853.0796407500001,0.10339591700005712
rnn,0.001,128,20,40,0.86,226.70589662500004,0.1388165000000754
gru,0.001,128,20,40,0.865,745.2570135419999,0.27776245800009747
gated_cnn,0.001,128,20,40,0.8683333333333333,1713.8743805410002,0.13931762500033074
stack_gated_cnn,0.001,128,20,40,0.8833333333333333,3649.3070228750003,0.3101081249997151
