model_type,learning_rate,hidden_size,epoch,batch_size,acc,train_time,predict_time
bert,0.001,128,6,10,0.32926829268292684,447.10835066699997,25.737989792000008
bert,0.001,128,6,10,0.32926829268292684,476.371167833,25.52810800000003
bert_cnn,0.001,768,2,10,0.32926829268292684,169.518319125,28.371219000000025
bert_cnn,0.001,768,2,10,0.32926829268292684,177.454352917,26.39788654200001
bert_lstm,0.001,768,2,10,0.6707317073170732,200.399028666,29.798658792000026
bert_mid_layer,0.001,128,2,10,0.6707317073170732,169.65647675,25.223396917000002
