model,acc,cost_time
rnn,0.8883720930232558,27.145817756652832
cnn,0.8767441860465116,13.343367338180542
