model_type,learning_rate,pooling_style,epoch,loss,accuracy
cnn,0.001,max,15,0.011188666521444578,0.8790502793296089
rnn,0.001,max,15,0.008065344317759755,0.8835195530726258
